movieID;title;studio;genres;directors;writers;actors;year;length;shortDescription;mpaRating;criticsRating
1;3 idiots;Vinod Chopra Films;Comedy, Adventure, Fantasty;Rajkumar Hirani;Abhijat , JoshiRajkumar , HiraniVidhu, Vinod Chopra;Aamir Khan, Madhavan, Mona Singh;2009;170;"Two friends are searching for their long lost companion. They revisit their college days and recall the memories of their friend who inspired them to think differently, even as the rest of the world called them ""idiots"".";PG;8,4
2;The Matrix;Warner Bros. Pictures;"Action,
Sci-Fi";"Lana Wachowski,
Lilly Wachowski";"Lana Wachowski,
Lilly Wachowski";"Keanu Reaves,
Laurence Fishburne,
Carrie-Anne Moss";1999;136;When a beautiful stranger leads computer hacker Neo to a forbidding underworld, he discovers the shocking truth--the life he knows is the elaborate deception of an evil cyber-intelligence.;R;8,7
3;Black Friday;Paramount Pictures;Action, Adventure, Fantasty;Anurag Kashyap;Hussain Zaidi, Piyush Mishra;Kay Kay,  MenonPawan Malhotra, Aditya Srivastav;2004;151;A film about the investigations following the 1993 serial Bombay bomb blasts, told through the different stories of the people involved --police, conspirators, victims, middlemen.;PG;8,4
4;Dangal;Universal Pictures;"Adventure,
Comedy,
Sci-Fi";Amir Khan;Vinod Kashyap, Piyush Gupta;Aamir Khan, Sakshi Tanwar, Fatima Sana Shaikh;2016;161;Former wrestler Mahavir Singh Phogat and his two wrestler daughters struggle towards glory at the Commonwealth Games in the face of societal oppression.;PG;8,9
5;Jersey;Twentieth Century Fox;Adventure, Sports;Gautam Tinanuri;Pradeep RishiRaj, Gowtam Tinnanuri;NaniShraddha,  SrinathSathyaraj;2020;147;A failed cricketer decides to revive his cricketing career in his late 30's despite everyone being skeptical of his ability to do so.;R;8
6;Drishyam 2;Yash Chopra Films;Action, Adventure, Mystery;Jeetu Joseph;Ajay Devgan, Jeetu Joseph;Ajay Devgan, Tabu;2022;155;A gripping tale of an investigation and a family which is threatened by it. Will Georgekutty be able to protect his family this time?;PG;8,9
7;Sardar Udham Singh;Amazon Original;"Action, Drama,
Mystery, History";Shoojit Sircar;Ritesh Sity;Vicky Kaushal, Katrina Kaif;2021;117;A biopic detailing the 2 decades that Punjabi Sikh revolutionary Udham Singh spent planning the assassination of the man responsible for the Jallianwala Bagh massacre.;R;8,4
8;The Terminator;Orion Pictures;"Action,
Sci-Fi";James Cameron;"James Cameron, Gale Anne Hurd,
William Wisher";"Arnold Schwarzenegger, 
Linda Hamilton, 
Michael Biegn";1984;107;A human soldier is sent from 2029 to 1984 to stop an almost indestructible cyborg killing machine, sent from the same year, which has been programmed to execute a young woman whose unborn son is the key to humanity's future salvation.;R;8,1
9;Bhaag Milkha Bhaag;Twentieth Century Fox;"Adventure,
Comedy,
Family";"
Rakeysh Omprakash Mehra";"
Prasoon Joshi";Farhan Akhtar,Japtej Singh, Divya Dutta;2013;164;A bedridden boy's grandfather reads him the story of a farmboy-turned-The truth behind the ascension of Milkha Singh, who was scarred by of the India-Pakistan partition.;PG;8,4
10;Sholay;GP Sippy Pictures;"Action,
Adventure,
Sci-Fi";Ramesh Akhtar;Ravish Sippy;Dharmendra, Amitabh Bachhan;1975;189;After his family is murdered by a notorious and ruthless bandit, a former police officer enlists the services of two outlaws to capture the bandit.;PG;8,1
11;War;Vinod Chopra Films;Action, Adventure, Mystery;Akshay Khanna;Dilip Joshi, Taarak Mehta;Hritik Roshan, Vaani Kapoor, Tiger Shroff;2017;146;Two RAW agents develop and indulge a technique to arrest the top OG in Syria.;PG;7,7
12;Fast And Furious 4;Universal Pictures;Action, Crime, Thriller;Justin Lin;Chris Morgan, Garry Thompson;Vin Diesel, Paul Walker, Mitchell Rodriguez;2009;151;Brian O Conner teams up with Dom Torero to bring down a heroin peddler by infiltrating his operation in Brazil.;PG;6,8
13;Iron Man;Marvel Pictures;"Action,
Adventure,
Sci-Fi";John Favreau;Mark Fergus, John Otsby;Robert Downey Jr., Terrence Howard;2008;143;After being held captive in an Afghan Cave, a billionaire engineer creates a unique armour suit to fight evil;PG;7,3
14;No Time to Die;Metro-Golden-Mayor;Action, Adventure, Thriller;Cary Joji Fukunaga;Neal Purvis, Robert Wade;Daniel Craig, Rami Melek;2021;139;James Bond has left active service. His peace is short lived when Felix Leiter, an old friend from CIA, turns up asks for help and Bond comes back to work.;PG;7,9
15;Captain Marvel;Marvel Pictures;Action, Adventure;Anna Boden;Ryan Fleck, Geneva Robertson;Carol Denvers, Brie Larson;2019;123;Carol Denvers become one of the most powerful avenger in the universe when earth is in the middle of a galactic war between aliens.;PG;7,6
16;Gadar;Zee Studios;Action, Drama, Romance;Anil Sharma;Shaktimaan Talwaar;Sunny Deol, Ameesha Patel;2001;170;A sikh driver fall in love with a muslim girl during the 1947 partition of India but story revolves in Pakistan.;PG;7,5
17;Knives Out;Libert Johnson;Action, Adventure, Mystery;Rian Johnson;Rian Johnson;Daniel Craig, Chris Evans;2019;143;A detective investigates the deaths of an old person in a patriarch family.;PG;8,4
18;Glass Onion;Rian Johnson;Action, Adventure, Mystery;Rian Johnson;Rian Johnson;Daniel Craig, Bautista, Edward Norton;2022;146;Tech millionaire Miles Bron invites his friends to a party on his greek party island. When someone dies Benoit Blanc investigates the case then.;PG;7,6
19;The Gray Man;Russo-Brothers Films;Action, Thriller;Anthony Russo;Joe Russo, Markus Christopher;Ryan Gosling, Chris Evans;2021;122;When the CIA’s most skilled operative, whose identity is known to none, accidentally uncovers dark agency secrets, setting off global manhunt by international assassins. ;PG;8,2
20;Red Notice;Netflix;Action, Adventure, Mystery;Rawson Marshall Thrubber;Rawson Marshall Thrubber;Dwayne Johnson, Gal Gadot, Ryan Reynolds;2021;118;An interpol agent successfully tracks down the world’s most wanted art thief with help from a rival thief. But nothing is as it seems as series of double-crosses ensues.;PG;8,7