[
  {
    "movieID": 1,
    "title": "3 idiots",
    "studio": "Vinod Chopra Films",
    "mpaRating": "PG",
    "criticsRating": 8.4,
    "imgURL" : "https://i.pinimg.com/originals/a4/b2/12/a4b2125710131c38990f9a0369690f0b.jpg"
  },
  {
    "movieID": 2,
    "title": "The Matrix",
    "studio": "Warner Bros. Pictures",
    "mpaRating": "R",
    "criticsRating": 8.7,
    "imgURL" : "https://i.pinimg.com/originals/ed/45/16/ed4516338fa5df348c13a2a7ce1e7998.jpg"
  },
  {
    "movieID": 3,
    "title": "Black Friday",
    "studio": "Paramount Pictures",
    "mpaRating": "PG",
    "criticsRating": 8.4,
    "imgURL" : "https://i.pinimg.com/originals/eb/f7/58/ebf758c61d975a5a34928a8ae27cb84b.jpg"
  },
  {
    "movieID": 4,
    "title": "Dangal",
    "studio": "Universal Pictures",
    "mpaRating": "PG",
    "criticsRating": 8.9,
    "imgURL" : "https://i.pinimg.com/originals/5e/cc/b2/5eccb281f860a6a4c5e160ad3ff4bfea.jpg"
  },
  {
    "movieID": 5,
    "title": "Jersey",
    "studio": "Twentieth Century Fox",
    "mpaRating": "R",
    "criticsRating": 8.2,
    "imgURL" : "https://i.pinimg.com/originals/91/60/f0/9160f0f082032917cdb9b8c81d736b0e.jpg"
  },
  {
    "movieID": 6,
    "title": "Drishyam 2",
    "studio": "Yash Chopra Films",
    "mpaRating": "PG",
    "criticsRating": 8.9,
    "imgURL" : "https://i.pinimg.com/originals/4f/33/5f/4f335fd299f0de5f066a935379a6ff25.jpg"
  },
  {
    "movieID": 7,
    "title": "Sardar Udham Singh",
    "studio": "Amazon Original",
    "mpaRating": "R",
    "criticsRating": 8.4,
    "imgURL" : "https://i.pinimg.com/originals/ba/0d/ea/ba0dea32fb5d5cec29215d7f5fd8a1b3.jpg"
  },
  {
    "movieID": 8,
    "title": "The Terminator",
    "studio": "Orion Pictures",
    "mpaRating": "R",
    "criticsRating": 8.1,
    "imgURL" : "https://i.pinimg.com/originals/e0/b3/f1/e0b3f10f7f05dfb0f50a5dd2010ecb20.jpg"
  },
  {
    "movieID": 9,
    "title": "Bhaag Milkha Bhaag",
    "studio": "Twentieth Century Fox",
    "mpaRating": "PG",
    "criticsRating": 8.4,
    "imgURL" : "https://i.pinimg.com/originals/7d/4b/f9/7d4bf92f0248a67f88893e86bda34023.jpg"
  },
  {
    "movieID": 10,
    "title": "Sholay",
    "studio": "GP Sippy Pictures",
    "mpaRating": "PG",
    "criticsRating": 8.1,
    "imgURL" : "https://i.pinimg.com/originals/18/72/29/187229c28f6b73615f01e9747c851647.jpg"
  },
  {
    "movieID": 11,
    "title": "War",
    "studio": "Vinod Chopra Films",
    "mpaRating": "PG",
    "criticsRating": 7.7,
    "imgURL" : "https://i.pinimg.com/originals/3b/5d/17/3b5d17da4f8d207beb8e4db08fbb3a31.jpg"
  },
  {
    "movieID": 12,
    "title": "Fast And Furious 4",
    "studio": "Universal Pictures",
    "mpaRating": "PG",
    "criticsRating": 6.8,
    "imgURL" : "https://i.pinimg.com/originals/0c/ac/a1/0caca1467029d35fce10d696f9c3134a.jpg"
  },
  {
    "movieID": 13,
    "title": "Iron Man",
    "studio": "Marvel Pictures",
    "mpaRating": "PG",
    "criticsRating": 7.4,
    "imgURL" : "https://i.pinimg.com/originals/e0/ab/b5/e0abb58ffc2a55327d6da4bce1e966c9.jpg"
  },
  {
    "movieID": 14,
    "title": "No Time to Die",
    "studio": "Metro-Golden-Mayor",
    "mpaRating": "PG",
    "criticsRating": 7.9,
    "imgURL" : "https://i.pinimg.com/originals/3b/b6/d4/3bb6d4d383c19c47a7d7ae53c09cdd95.jpg"
  },
  {
    "movieID": 15,
    "title": "Captain Marvel",
    "studio": "Marvel Pictures",
    "mpaRating": "PG",
    "criticsRating": 7.6,
    "imgURL" : "https://i.pinimg.com/originals/4e/6c/2d/4e6c2d7a55780d51cce1759c9135ea9f.jpg"
  },
  {
    "movieID": 16,
    "title": "Gadar",
    "studio": "Zee Studios",
    "mpaRating": "PG",
    "criticsRating": 7.5,
    "imgURL" : "https://i.pinimg.com/originals/58/1a/93/581a93f590cf733e00020dd4055cf819.jpg"
  },
  {
    "movieID": 17,
    "title": "Knives Out",
    "studio": "Libert Johnson",
    "mpaRating": "PG",
    "criticsRating": 8.4,
    "imgURL" : "https://i.pinimg.com/originals/b7/91/f8/b791f8fad7ba685617032e5140cfd7f1.jpg"
  },
  {
    "movieID": 18,
    "title": "Glass Onion",
    "studio": "Rian Johnson",
    "mpaRating": "PG",
    "criticsRating": 7.6,
    "imgURL" : "https://i.pinimg.com/originals/81/2c/91/812c912ec29e34c50a9492d95efc49c3.jpg"
  },
  {
    "movieID": 19,
    "title": "The Gray Man",
    "studio": "Russo-Brothers Films",
    "mpaRating": "PG",
    "criticsRating": 8.2,
    "imgURL" : "https://i.pinimg.com/originals/46/27/ec/4627ec3c97bae45b22ea8ba978af1c29.jpg"
  },
  {
    "movieID": 20,
    "title": "Red Notice",
    "studio": "Netflix",
    "mpaRating": "PG",
    "criticsRating": 8.7,
    "imgURL" : "https://i.pinimg.com/originals/83/82/b0/8382b09ff6f743fc9eb5f5cd9bbd03e2.jpg"
  }
]
