[
 {
   "bookID": 1,
   "Title": "1984",
   "Author": "George Orwell",
   "Genres": "Fiction",
   "Country": "United Kingdom",
   "PublicationDate": "8-Jun-49",
   "Publisher": "Secker & Warburg",
   "PageCount": "328",
   "Language": "English",
   "shortDescription": "A dystopian novel set in a totalitarian society where Big Brother watches everything.",
   "ISBN": "9780451524935.00",
   "imgURL": "https://images.app.goo.gl/B3TzzjigU9EGbAZU9"
 },
 {
   "bookID": 2,
   "Title": "To kill a mocking Bird",
   "Author": "Harper Lee",
   "Genres": "Bildungsroman\n",
   "Country": "United States",
   "PublicationDate": "11-Jul-60",
   "Publisher": "J.B. Lippincott",
   "PageCount": "281",
   "Language": "English",
   "shortDescription": "A story of racial injustice and the loss of innocence in the American South",
   "ISBN": "9780061120084.00",
   "imgURL": "https://images.app.goo.gl/HmMEJAn2PhNmX68u9"
 },
 {
   "bookID": 3,
   "Title": "The Great Gatsby",
   "Author": "F. Scott Fitzgerald",
   "Genres": "Literary Fiction",
   "Country": "United States",
   "PublicationDate": "10-Apr-25",
   "Publisher": "Charles Scribner's",
   "PageCount": "180",
   "Language": "English",
   "shortDescription": "A tale of wealth, love, and the American Dream in the Jazz Age",
   "ISBN": "9780743273565.00",
   "imgURL": "https://images.app.goo.gl/rhXUGb8o8HtqjVHF9"
 },
 {
   "bookID": 4,
   "Title": "Pride and Prejudice",
   "Author": "Jane Austen",
   "Genres": "Romance, Classic\n",
   "Country": "United Kingdom",
   "PublicationDate": "January 28, 1813",
   "Publisher": "T. Egerton",
   "PageCount": "432",
   "Language": "English",
   "shortDescription": "A witty exploration of societal norms and love in Georgian England",
   "ISBN": "9780141439518.00",
   "imgURL": "https://images.app.goo.gl/k9htc4xSfaZib8rL9"
 },
 {
   "bookID": 5,
   "Title": "The Catcher in the rye",
   "Author": "J.D.Salinger",
   "Genres": "Coming of age",
   "Country": "United States",
   "PublicationDate": "16-Jul-51",
   "Publisher": "Little, Brown and Co.",
   "PageCount": "277",
   "Language": "English",
   "shortDescription": "A teenage protagonist's alienation and rebellion against the adult world",
   "ISBN": "9780316769488.00",
   "imgURL": "https://images.app.goo.gl/qFXYwpFwCPNNxoScA"
 },
 {
   "bookID": 6,
   "Title": "Harry Potter and the Sorcerer's Stone",
   "Author": "J.K. Rowling",
   "Genres": "Fantasy, Adventure",
   "Country": "United Kingdom",
   "PublicationDate": "26-Jun-97",
   "Publisher": "Bloomsburry",
   "PageCount": "320",
   "Language": "English",
   "shortDescription": "The beginning of Harry Potter's journey into the wizarding world",
   "ISBN": "9780590353427.00",
   "imgURL": "https://images.app.goo.gl/krGLYCpd8Q5Cmvja9"
 },
 {
   "bookID": 7,
   "Title": "The Lord of the Rings",
   "Author": "J.R.R Tolkien",
   "Genres": "Fantasy, Adventure",
   "Country": "United Kingdom",
   "PublicationDate": "29-Jul-54",
   "Publisher": "Allen and Unwin",
   "PageCount": "1178",
   "Language": "English",
   "shortDescription": "An epic adventure to destroy the One Ring and save Middle-earth",
   "ISBN": "9780618640157.00",
   "imgURL": "https://images.app.goo.gl/8KuXjerUPFTkLCAF6"
 },
 {
   "bookID": 8,
   "Title": "Moby-Dick   ",
   "Author": "Herman Melville",
   "Genres": "Adventure, Classic",
   "Country": "United States",
   "PublicationDate": "October 18, 1851",
   "Publisher": "Harper & Brothers",
   "PageCount": "585",
   "Language": "English",
   "shortDescription": "A gripping story of Captain Ahab's obsession with hunting a white whale",
   "ISBN": "9780142437247.00",
   "imgURL": "https://images.app.goo.gl/zEBYfJMtj3Wni6Xv6"
 },
 {
   "bookID": 9,
   "Title": "To the Lighthouse",
   "Author": "Virginia Woolf",
   "Genres": "Modernist Fiction",
   "Country": "United Kingdom",
   "PublicationDate": "5-May-27",
   "Publisher": "Hogarth Press",
   "PageCount": "209",
   "Language": "English",
   "shortDescription": "A stream-of-consciousness novel exploring the complexities of human experience",
   "ISBN": "9780156907392.00",
   "imgURL": "https://images.app.goo.gl/gRnSdodGpKX49ZCN6"
 },
 {
   "bookID": 10,
   "Title": "The Hobbit ",
   "Author": "J.R.R Tolkien",
   "Genres": "Fantasy, Adventure",
   "Country": "United Kingdom",
   "PublicationDate": "21-Sep-37",
   "Publisher": "Allen and Unwin",
   "PageCount": "310",
   "Language": "English",
   "shortDescription": "A charming adventure of Bilbo Baggins and his journey to reclaim the Lonely Mountain",
   "ISBN": "9780345339683.00",
   "imgURL": "https://images.app.goo.gl/LBiaQzj8KALGe3pY9"
 }
]
